Date,Time,Comp,Round,Day,Venue,Result,GF,GA,Opponent,xG,xGA,Poss,Attendance,Captain,Formation,Referee,Match Report,Notes
2021-03-25,19:45 (15:45),WCQ,First round,Thu,Home,W,5,0,sm San Marino,,,85,,Raheem Sterling,4-2-3-1,Kirill Levnikov,Match Report,
2021-03-28,18:00 (12:00),WCQ,First round,Sun,Away,W,2,0,al Albania,,,71,200,Harry Kane,4-3-3,Orel Grinfeeld,Match Report,
2021-03-31,19:45 (14:45),WCQ,First round,Wed,Home,W,2,1,pl Poland,,,63,,Harry Kane,4-3-3,Björn Kuipers,Match Report,
2021-09-02,20:45 (14:45),WCQ,First round,Thu,Away,W,4,0,hu Hungary,,,64,"58,260",Harry Kane,4-2-3-1,Cüneyt Çakιr,Match Report,
2021-09-05,17:00 (12:00),WCQ,First round,Sun,Home,W,4,0,ad Andorra,,,88,"67,171",Jordan Henderson,4-3-3,Anastasios Papapetrou,Match Report,
2021-09-08,20:45 (14:45),WCQ,First round,Wed,Away,D,1,1,pl Poland,,,63,"56,212",Harry Kane,4-2-3-1,Daniel Siebert,Match Report,
2021-10-09,20:45 (14:45),WCQ,First round,Sat,Away,W,5,0,ad Andorra,,,86,"2,285",Kieran Trippier,4-3-3,Kateryna Monzul,Match Report,
2021-10-12,19:45 (14:45),WCQ,First round,Tue,Home,D,1,1,hu Hungary,,,64,"69,380",Harry Kane,4-3-3,Alejandro Hernández,Match Report,
2021-11-12,19:45 (14:45),WCQ,First round,Fri,Home,W,5,0,al Albania,,,64,"80,366",Harry Kane,3-4-3,Ruddy Buquet,Match Report,
2021-11-15,20:45 (14:45),WCQ,First round,Mon,Away,W,10,0,sm San Marino,,,85,,Harry Kane,4-3-3,Rade Obrenović,Match Report,
2022-03-26,17:30 (13:30),Friendlies (M),Friendlies (M),Sat,Neutral,W,2,1,ch Switzerland,,,,,Harry Kane,3-4-3,Andreas Ekberg,Match Report,
2022-03-29,19:45 (14:45),Friendlies (M),Friendlies (M),Tue,Neutral,W,3,0,ci Côte d'Ivoire,,,,,Raheem Sterling,4-2-3-1,Erik Lambrechts,Match Report,
2022-06-04,18:00 (12:00),UEFA Nations League,League A,Sat,Away,L,0,1,hu Hungary,,,58,"26,935",Harry Kane,3-4-3,Artur Dias,Match Report,
2022-06-07,20:45 (14:45),UEFA Nations League,League A,Tue,Away,D,1,1,de Germany,,,37,"66,289",Harry Kane,4-2-3-1,Carlos del Cerro,Match Report,
2022-06-11,19:45 (14:45),UEFA Nations League,League A,Sat,Home,D,0,0,it Italy,,,59,"1,782",Tammy Abraham,4-2-3-1,Szymon Marciniak,Match Report,
2022-06-14,19:45 (14:45),UEFA Nations League,League A,Tue,Home,L,0,4,hu Hungary,,,69,"28,839",Harry Kane,4-3-3,Clément Turpin,Match Report,
2022-09-23,20:45 (14:45),UEFA Nations League,League A,Fri,Away,L,0,1,it Italy,,,56,"50,640",Harry Kane,4-2-3-1,Jesús Gil,Match Report,
2022-09-26,19:45 (14:45),UEFA Nations League,League A,Mon,Home,D,3,3,de Germany,,,41,"78,949",Harry Kane,3-4-3,Danny Makkelie,Match Report,
2022-11-21,16:00 (08:00),World Cup,Group stage,Mon,Neutral,W,6,2,ir IR Iran,2.1,1.4,77,"45,334",Harry Kane,4-2-3-1,Raphael Claus,Match Report,
2022-11-25,22:00 (14:00),World Cup,Group stage,Fri,Neutral,D,0,0,us United States,0.8,0.6,55,"68,463",Harry Kane,4-2-3-1,Jesús Valenzuela,Match Report,
2022-11-29,22:00 (14:00),World Cup,Group stage,Tue,Neutral,W,3,0,wls Wales,2.4,0.3,64,"44,297",Harry Kane,4-3-3,Slavko Vinčič,Match Report,
2019-03-22,19:45 (15:45),UEFA Euro Qualifying,Group stage,Fri,Home,W,5,0,cz Czech Republic,,,66,"82,575",Harry Kane,4-3-3,Artur Dias,Match Report,
2019-03-25,20:45 (15:45),UEFA Euro Qualifying,Group stage,Mon,Away,W,5,1,me Montenegro,,,73,"8,329",Harry Kane,4-3-3,Aliaksei Kulbakou,Match Report,
2019-09-07,17:00 (12:00),UEFA Euro Qualifying,Group stage,Sat,Home,W,4,0,bg Bulgaria,,,68,"82,605",Harry Kane,4-3-1-2,Marco Guida,Match Report,
2019-09-10,19:45 (14:45),UEFA Euro Qualifying,Group stage,Tue,Home,W,5,3,xk Kosovo,,,58,"30,155",Harry Kane,4-2-3-1,Felix Zwayer,Match Report,
2019-10-11,20:45 (14:45),UEFA Euro Qualifying,Group stage,Fri,Away,L,1,2,cz Czech Republic,,,56,"18,651",Harry Kane,4-2-3-1,Damir Skomina,Match Report,
2019-10-14,21:45 (14:45),UEFA Euro Qualifying,Group stage,Mon,Away,W,6,0,bg Bulgaria,,,72,"17,481",Harry Kane,4-3-3,Ivan Bebek,Match Report,
2019-11-14,19:45 (14:45),UEFA Euro Qualifying,Group stage,Thu,Home,W,7,0,me Montenegro,,,66,"77,277",Harry Kane,4-3-3,Antonio Matéu Lahoz,Match Report,
2019-11-17,18:00 (12:00),UEFA Euro Qualifying,Group stage,Sun,Away,W,4,0,xk Kosovo,,,55,"12,326",Harry Kane,4-3-3,Paweł Gil,Match Report,
2021-03-25,19:45 (15:45),WCQ,First round,Thu,Home,W,5,0,sm San Marino,,,85,,Raheem Sterling,4-2-3-1,Kirill Levnikov,Match Report,
2021-03-28,18:00 (12:00),WCQ,First round,Sun,Away,W,2,0,al Albania,,,71,200,Harry Kane,4-3-3,Orel Grinfeeld,Match Report,
2021-03-31,19:45 (14:45),WCQ,First round,Wed,Home,W,2,1,pl Poland,,,63,,Harry Kane,4-3-3,Björn Kuipers,Match Report,
2021-06-02,20:00 (15:00),Friendlies (M),Friendlies (M),Wed,Home,W,1,0,at Austria,,,,,Harry Kane,4-1-4-1,Lawrence Visser,Match Report,
2021-06-06,17:00 (12:00),Friendlies (M),Friendlies (M),Sun,Home,W,1,0,ro Romania,,,,,Marcus Rashford,4-1-4-1,Tiago Martins,Match Report,
2021-06-13,14:00 (09:00),UEFA Euro,Group stage,Sun,Neutral,W,1,0,hr Croatia,1.5,0.4,49,"18,497",Harry Kane,4-3-3,Daniele Orsato,Match Report,
2021-06-18,20:00 (15:00),UEFA Euro,Group stage,Fri,Neutral,D,0,0,sct Scotland,1.4,0.6,60,"20,306",Harry Kane,4-3-3,Antonio Matéu Lahoz,Match Report,
2021-06-22,20:00 (15:00),UEFA Euro,Group stage,Tue,Neutral,W,1,0,cz Czech Republic,1.5,0.3,56,"19,104",Harry Kane,4-2-3-1,Artur Soares Dias,Match Report,
2021-06-29,17:00 (12:00),UEFA Euro,Round of 16,Tue,Neutral,W,2,0,de Germany,1.3,1.4,46,"41,973",Harry Kane,3-4-3,Danny Makkelie,Match Report,
2021-07-03,21:00 (15:00),UEFA Euro,Quarter-finals,Sat,Away,W,4,0,ua Ukraine,2.0,0.3,52,"11,880",Harry Kane,4-2-3-1,Felix Brych,Match Report,
2021-07-07,20:00 (15:00),UEFA Euro,Semi-finals,Wed,Home,W,2,1,dk Denmark,2.7,0.2,58,"64,950",Harry Kane,4-2-3-1,Danny Makkelie,Match Report,Required Extra Time
2021-07-11,20:00 (15:00),UEFA Euro,Final,Sun,Neutral,D,1 (2),1 (3),it Italy,0.6,2.2,35,"67,173",Harry Kane,3-4-3,Björn Kuipers,Match Report,Italy won on penalty kicks following extra time
2021-09-02,20:45 (14:45),WCQ,First round,Thu,Away,W,4,0,hu Hungary,,,64,"58,260",Harry Kane,4-2-3-1,Cüneyt Çakιr,Match Report,
2021-09-05,17:00 (12:00),WCQ,First round,Sun,Home,W,4,0,ad Andorra,,,88,"67,171",Jordan Henderson,4-3-3,Anastasios Papapetrou,Match Report,
2021-09-08,20:45 (14:45),WCQ,First round,Wed,Away,D,1,1,pl Poland,,,63,"56,212",Harry Kane,4-2-3-1,Daniel Siebert,Match Report,
2021-10-09,20:45 (14:45),WCQ,First round,Sat,Away,W,5,0,ad Andorra,,,86,"2,285",Kieran Trippier,4-3-3,Kateryna Monzul,Match Report,
2021-10-12,19:45 (14:45),WCQ,First round,Tue,Home,D,1,1,hu Hungary,,,64,"69,380",Harry Kane,4-3-3,Alejandro Hernández,Match Report,
2021-11-12,19:45 (14:45),WCQ,First round,Fri,Home,W,5,0,al Albania,,,64,"80,366",Harry Kane,3-4-3,Ruddy Buquet,Match Report,
2021-11-15,20:45 (14:45),WCQ,First round,Mon,Away,W,10,0,sm San Marino,,,85,,Harry Kane,4-3-3,Rade Obrenović,Match Report,
2020-09-05,16:00 (12:00),UEFA Nations League,League A,Sat,Away,W,1,0,is Iceland,,,78,,Harry Kane,5-3-2,Srđan Jovanović,Match Report,
2020-09-08,20:45 (14:45),UEFA Nations League,League A,Tue,Away,D,0,0,dk Denmark,,,54,,Harry Kane,4-3-3,István Kovács,Match Report,
2020-10-08,20:00 (15:00),Friendlies (M),Friendlies (M),Thu,Home,W,3,0,wls Wales,,,,,Kieran Trippier,3-4-3,Bobby Madden,Match Report,
2020-10-11,17:00 (12:00),UEFA Nations League,League A,Sun,Home,W,2,1,be Belgium,,,47,,Jordan Henderson,3-4-3,Tobias Stieler,Match Report,
2020-10-14,19:45 (14:45),UEFA Nations League,League A,Wed,Home,L,0,1,dk Denmark,,,44,,Harry Kane,5-3-2,Jesús Gil,Match Report,
2020-11-12,20:00 (15:00),Friendlies (M),Friendlies (M),Thu,Home,W,3,0,ie Rep. of Ireland,,,,,Harry Maguire,3-4-3,Carlos del Cerro,Match Report,
2020-11-15,20:45 (14:45),UEFA Nations League,League A,Sun,Away,L,0,2,be Belgium,,,55,,Harry Kane,3-4-3,Danny Makkelie,Match Report,
2020-11-18,19:45 (14:45),UEFA Nations League,League A,Wed,Home,W,4,0,is Iceland,,,78,,Harry Kane,3-5-2,Fábio Veríssimo,Match Report,
2021-03-25,19:45 (15:45),WCQ,First round,Thu,Home,W,5,0,sm San Marino,,,85,,Raheem Sterling,4-2-3-1,Kirill Levnikov,Match Report,
2021-03-28,18:00 (12:00),WCQ,First round,Sun,Away,W,2,0,al Albania,,,71,200,Harry Kane,4-3-3,Orel Grinfeeld,Match Report,
2021-03-31,19:45 (14:45),WCQ,First round,Wed,Home,W,2,1,pl Poland,,,63,,Harry Kane,4-3-3,Björn Kuipers,Match Report,
2021-06-02,20:00 (15:00),Friendlies (M),Friendlies (M),Wed,Home,W,1,0,at Austria,,,,,Harry Kane,4-1-4-1,Lawrence Visser,Match Report,
2021-06-06,17:00 (12:00),Friendlies (M),Friendlies (M),Sun,Home,W,1,0,ro Romania,,,,,Marcus Rashford,4-1-4-1,Tiago Martins,Match Report,
2021-06-13,14:00 (09:00),UEFA Euro,Group stage,Sun,Neutral,W,1,0,hr Croatia,,,49,"18,497",Harry Kane,4-3-3,Daniele Orsato,Match Report,
2021-06-18,20:00 (15:00),UEFA Euro,Group stage,Fri,Neutral,D,0,0,sct Scotland,,,60,"20,306",Harry Kane,4-3-3,Antonio Matéu Lahoz,Match Report,
2021-06-22,20:00 (15:00),UEFA Euro,Group stage,Tue,Neutral,W,1,0,cz Czech Republic,,,56,"19,104",Harry Kane,4-2-3-1,Artur Soares Dias,Match Report,
2021-06-29,17:00 (12:00),UEFA Euro,Round of 16,Tue,Neutral,W,2,0,de Germany,,,46,"41,973",Harry Kane,3-4-3,Danny Makkelie,Match Report,
2020-09-05,16:00 (12:00),UEFA Nations League,League A,Sat,Away,W,1,0,is Iceland,,,78,,Harry Kane,5-3-2,Srđan Jovanović,Match Report,
2020-09-08,20:45 (14:45),UEFA Nations League,League A,Tue,Away,D,0,0,dk Denmark,,,54,,Harry Kane,4-3-3,István Kovács,Match Report,
2020-10-08,20:00 (15:00),Friendlies (M),Friendlies (M),Thu,Home,W,3,0,wls Wales,,,,,Kieran Trippier,3-4-3,Bobby Madden,Match Report,
2020-10-11,17:00 (12:00),UEFA Nations League,League A,Sun,Home,W,2,1,be Belgium,,,47,,Jordan Henderson,3-4-3,Tobias Stieler,Match Report,
2020-10-14,19:45 (14:45),UEFA Nations League,League A,Wed,Home,L,0,1,dk Denmark,,,44,,Harry Kane,5-3-2,Jesús Gil,Match Report,
2020-11-12,20:00 (15:00),Friendlies (M),Friendlies (M),Thu,Home,W,3,0,ie Rep. of Ireland,,,,,Harry Maguire,3-4-3,Carlos del Cerro,Match Report,
2020-11-15,20:45 (14:45),UEFA Nations League,League A,Sun,Away,L,0,2,be Belgium,,,55,,Harry Kane,3-4-3,Danny Makkelie,Match Report,
2020-11-18,19:45 (14:45),UEFA Nations League,League A,Wed,Home,W,4,0,is Iceland,,,78,,Harry Kane,3-5-2,Fábio Veríssimo,Match Report,
2018-07-03,21:00 (14:00),FIFA World Cup,Round of 16,Tue,Neutral,D,1 (4),1 (3),co Colombia,,,52,"44,190",Harry Kane,3-1-4-2,Mark Geiger,Match Report,England won on penalty kicks following extra time
2018-07-07,18:00 (10:00),FIFA World Cup,Quarter-finals,Sat,Neutral,W,2,0,se Sweden,,,57,"39,991",Harry Kane,3-1-4-2,Björn Kuipers,Match Report,
2018-07-11,21:00 (14:00),FIFA World Cup,Semi-finals,Wed,Neutral,L,1,2,hr Croatia,,,45,"78,011",Harry Kane,3-1-4-2,Cüneyt Çakιr,Match Report,Required Extra Time
2018-07-14,17:00 (10:00),FIFA World Cup,Third-place match,Sat,Neutral,L,0,2,be Belgium,,,58,"64,406",Harry Kane,3-1-4-2,Alireza Faghani,Match Report,
2018-09-08,19:45 (14:45),UEFA Nations League,League A,Sat,Home,L,1,2,es Spain,,,,"81,392",Harry Kane,3-5-2,Jochem Kamphuis,Match Report,
2018-09-11,20:00 (15:00),Friendlies (M),Friendlies (M),Tue,Home,W,1,0,ch Switzerland,,,,"30,256",Eric Dier,3-1-4-2,Clément Turpin,Match Report,
2018-10-12,20:45 (14:45),UEFA Nations League,League A,Fri,Away,D,0,0,hr Croatia,,,,,Harry Kane,3-5-2,Felix Brych,Match Report,
2018-10-15,20:45 (14:45),UEFA Nations League,League A,Mon,Away,W,3,2,es Spain,,,,"50,355",Harry Kane,4-3-3,Zbigniew Dobrynin,Match Report,
2018-11-15,20:00 (15:00),Friendlies (M),Friendlies (M),Thu,Home,W,3,0,us United States,,,,"68,155",Fabian Delph,4-3-3,Jesús Gil,Match Report,
2018-11-18,14:00 (09:00),UEFA Nations League,League A,Sun,Home,W,2,1,hr Croatia,,,,"78,221",Harry Kane,4-4-1-1,Tasos Sidiropoulos,Match Report,
2019-03-22,19:45 (15:45),UEFA Euro Qualifying,Group stage,Fri,Home,W,5,0,cz Czech Republic,,,66,"82,575",Harry Kane,4-3-3,Artur Dias,Match Report,
2019-03-25,20:45 (15:45),UEFA Euro Qualifying,Group stage,Mon,Away,W,5,1,me Montenegro,,,73,"8,329",Harry Kane,4-3-3,Aliaksei Kulbakou,Match Report,
2019-06-06,19:45 (14:45),UEFA Nations League,Semi-finals,Thu,Neutral,L,1,3,nl Netherlands,,,,"25,711",Raheem Sterling,4-3-2-1,Clément Turpin,Match Report,Required Extra Time
2019-06-09,14:00 (09:00),UEFA Nations League,Third-place match,Sun,Neutral,D,0 (6),0 (5),ch Switzerland,,,,"15,742",Harry Kane,4-2-3-1,Ovidiu Hațegan,Match Report,England won on penalty kicks following extra time
2016-09-04,18:00 (12:00),WCQ,First round,Sun,Away,W,1,0,sk Slovakia,,,,"18,111",Wayne Rooney,4-3-3,Milorad Mažić,Match Report,
2016-10-08,17:00 (12:00),WCQ,First round,Sat,Home,W,2,0,mt Malta,,,,"81,718",Wayne Rooney,4-1-4-1,Stefan Johannesson,Match Report,
2016-10-11,20:45 (14:45),WCQ,First round,Tue,Away,D,0,0,si Slovenia,,,,"13,274",Jordan Henderson,4-5-1,Deniz Aytekin,Match Report,
2016-11-11,19:45 (14:45),WCQ,First round,Fri,Home,W,3,0,sct Scotland,,,,"87,258",Wayne Rooney,4-2-3-1,Cüneyt Çakιr,Match Report,
2017-03-26,17:00 (12:00),WCQ,First round,Sun,Home,W,2,0,lt Lithuania,,,,"77,690",Joe Hart,4-1-4-1,Ruddy Buquet,Match Report,
2017-06-10,17:00 (12:00),WCQ,First round,Sat,Away,D,2,2,sct Scotland,,,,"48,520",Harry Kane,4-5-1,Paolo Tagliavento,Match Report,
2017-09-01,20:45 (14:45),WCQ,First round,Fri,Away,W,4,0,mt Malta,,,,"16,994",Jordan Henderson,4-5-1,Artur Soares Dias,Match Report,
2017-09-04,19:45 (14:45),WCQ,First round,Mon,Home,W,2,1,sk Slovakia,,,,"67,823",Jordan Henderson,4-2-3-1,Clément Turpin,Match Report,
2017-10-05,19:45 (14:45),WCQ,First round,Thu,Home,W,1,0,si Slovenia,,,,"61,598",Harry Kane,4-2-3-1,Felix Zwayer,Match Report,
2017-10-08,19:00 (12:00),WCQ,First round,Sun,Away,W,1,0,lt Lithuania,,,,"5,067",Harry Kane,3-4-3,Orel Grinfeeld,Match Report,
2018-03-23,20:45 (15:45),Friendlies (M),Friendlies (M),Fri,Away,W,1,0,nl Netherlands,,,,"51,500",Jordan Henderson,3-1-4-2,Jesús Gil,Match Report,
2018-03-27,20:00 (15:00),Friendlies (M),Friendlies (M),Tue,Home,D,1,1,it Italy,,,,"82,598",Eric Dier,3-1-4-2,Deniz Aytekin,Match Report,
2018-06-02,17:15 (12:15),Friendlies (M),Friendlies (M),Sat,Home,W,2,1,ng Nigeria,,,,"70,025",Harry Kane,3-4-3,Marco Guida,Match Report,
2018-06-07,20:00 (15:00),Friendlies (M),Friendlies (M),Thu,Home,W,2,0,cr Costa Rica,,,,"36,104",Jordan Henderson,3-3-2-2,Hiroyuki Kimura,Match Report,
2018-06-18,21:00 (14:00),FIFA World Cup,Group stage,Mon,Neutral,W,2,1,tn Tunisia,2.8,1.0,61,"41,064",Harry Kane,3-1-4-2,Wilmar Roldán,Match Report,
2018-06-24,15:00 (08:00),FIFA World Cup,Group stage,Sun,Neutral,W,6,1,pa Panama,2.8,1.1,59,"43,319",Harry Kane,3-1-4-2,Gehad Grisha,Match Report,
2018-06-28,20:00 (14:00),FIFA World Cup,Group stage,Thu,Neutral,L,0,1,be Belgium,0.9,1.3,47,"33,973",Eric Dier,3-1-4-2,Damir Skomina,Match Report,
2018-07-03,21:00 (14:00),FIFA World Cup,Round of 16,Tue,Neutral,D,1 (4),1 (3),co Colombia,2.1,0.6,52,"44,190",Harry Kane,3-1-4-2,Mark Geiger,Match Report,England won on penalty kicks following extra time
2018-07-07,18:00 (10:00),FIFA World Cup,Quarter-finals,Sat,Neutral,W,2,0,se Sweden,1.0,0.5,57,"39,991",Harry Kane,3-1-4-2,Björn Kuipers,Match Report,
2018-07-11,21:00 (14:00),FIFA World Cup,Semi-finals,Wed,Neutral,L,1,2,hr Croatia,0.6,1.7,45,"78,011",Harry Kane,3-1-4-2,Cüneyt Çakιr,Match Report,Required Extra Time
2018-07-14,17:00 (10:00),FIFA World Cup,Third-place match,Sat,Neutral,L,0,2,be Belgium,1.0,1.5,58,"64,406",Harry Kane,3-1-4-2,Alireza Faghani,Match Report,
2018-09-08,19:45 (14:45),UEFA Nations League,League A,Sat,Home,L,1,2,es Spain,,,,"81,392",Harry Kane,3-5-2,Jochem Kamphuis,Match Report,
2018-09-11,20:00 (15:00),Friendlies (M),Friendlies (M),Tue,Home,W,1,0,ch Switzerland,,,,"30,256",Eric Dier,3-1-4-2,Clément Turpin,Match Report,
2018-10-12,20:45 (14:45),UEFA Nations League,League A,Fri,Away,D,0,0,hr Croatia,,,,,Harry Kane,3-5-2,Felix Brych,Match Report,
2018-10-15,20:45 (14:45),UEFA Nations League,League A,Mon,Away,W,3,2,es Spain,,,,"50,355",Harry Kane,4-3-3,Zbigniew Dobrynin,Match Report,
2018-11-15,20:00 (15:00),Friendlies (M),Friendlies (M),Thu,Home,W,3,0,us United States,,,,"68,155",Fabian Delph,4-3-3,Jesús Gil,Match Report,
2018-11-18,14:00 (09:00),UEFA Nations League,League A,Sun,Home,W,2,1,hr Croatia,,,,"78,221",Harry Kane,4-4-1-1,Tasos Sidiropoulos,Match Report,
2017-03-22,20:45 (15:45),Friendlies (M),Friendlies (M),Wed,Away,L,0,1,de Germany,,,,"60,109",Gary Cahill,3-4-3,Damir Skomina,Match Report,
2017-03-26,17:00 (12:00),WCQ,First round,Sun,Home,W,2,0,lt Lithuania,,,,"77,690",Joe Hart,4-1-4-1,Ruddy Buquet,Match Report,
2017-06-10,17:00 (12:00),WCQ,First round,Sat,Away,D,2,2,sct Scotland,,,,"48,520",Harry Kane,4-5-1,Paolo Tagliavento,Match Report,
2017-06-13,21:00 (15:00),Friendlies (M),Friendlies (M),Tue,Away,L,2,3,fr France,,,,"80,000",Harry Kane,3-4-3,Davide Massa,Match Report,
2017-09-01,20:45 (14:45),WCQ,First round,Fri,Away,W,4,0,mt Malta,,,,"16,994",Jordan Henderson,4-5-1,Artur Soares Dias,Match Report,
2017-09-04,19:45 (14:45),WCQ,First round,Mon,Home,W,2,1,sk Slovakia,,,,"67,823",Jordan Henderson,4-2-3-1,Clément Turpin,Match Report,
2017-10-05,19:45 (14:45),WCQ,First round,Thu,Home,W,1,0,si Slovenia,,,,"61,598",Harry Kane,4-2-3-1,Felix Zwayer,Match Report,
2017-10-08,19:00 (12:00),WCQ,First round,Sun,Away,W,1,0,lt Lithuania,,,,"5,067",Harry Kane,3-4-3,Orel Grinfeeld,Match Report,
2017-11-10,20:00 (15:00),Friendlies (M),Friendlies (M),Fri,Home,D,0,0,de Germany,,,,,Eric Dier,3-4-1-2,Paweł Raczkowski,Match Report,
2017-11-14,20:00 (15:00),Friendlies (M),Friendlies (M),Tue,Home,D,0,0,br Brazil,,,,"84,595",Eric Dier,5-3-2,Artur Soares Dias,Match Report,
2014-09-08,20:45 (14:45),Euro Qualifying,Group stage,Mon,Away,W,2,0,ch Switzerland,,,46,"35,500",Wayne Rooney,4-3-1-2,Cüneyt Çakιr,Match Report,
2014-10-09,19:45 (14:45),Euro Qualifying,Group stage,Thu,Home,W,5,0,sm San Marino,,,70,"55,990",Wayne Rooney,4-3-1-2,Marcin Borski,Match Report,
2014-10-12,19:00 (12:00),Euro Qualifying,Group stage,Sun,Away,W,1,0,ee Estonia,,,70,"10,195",Wayne Rooney,4-3-3,Mario Strahonja,Match Report,
2014-11-15,17:00 (12:00),Euro Qualifying,Group stage,Sat,Home,W,3,1,si Slovenia,,,58,"82,305",Wayne Rooney,4-3-1-2,Olegário Benquerença,Match Report,
2015-03-27,19:45 (15:45),Euro Qualifying,Group stage,Fri,Home,W,4,0,lt Lithuania,,,64,"83,671",Wayne Rooney,4-3-3,Pavel Královec,Match Report,
2015-06-14,18:00 (12:00),Euro Qualifying,Group stage,Sun,Away,W,3,2,si Slovenia,,,56,"15,700",Wayne Rooney,4-5-1,Alberto Undiano,Match Report,
2015-09-05,18:00 (12:00),Euro Qualifying,Group stage,Sat,Away,W,6,0,sm San Marino,,,74,"4,378",Wayne Rooney,4-3-3,Leontios Trattou,Match Report,
2015-09-08,19:45 (14:45),Euro Qualifying,Group stage,Tue,Home,W,2,0,ch Switzerland,,,49,"75,751",Wayne Rooney,4-3-3,Gianluca Rocchi,Match Report,
2015-10-09,19:45 (14:45),Euro Qualifying,Group stage,Fri,Home,W,2,0,ee Estonia,,,64,"75,427",Gary Cahill,4-3-3,István Vad II,Match Report,
2015-10-12,21:45 (14:45),Euro Qualifying,Group stage,Mon,Away,W,3,0,lt Lithuania,,,62,"5,051",Phil Jagielka,4-3-1-2,Kenn Hansen,Match Report,
2016-03-26,20:45 (15:45),Friendlies (M),Friendlies (M),Sat,Away,W,3,2,de Germany,,,,"72,000",Gary Cahill,4-1-4-1,Gianluca Rocchi,Match Report,
2016-03-29,20:00 (15:00),Friendlies (M),Friendlies (M),Tue,Home,L,1,2,nl Netherlands,,,,"82,835",James Milner,4-4-2,Antonio Matéu Lahoz,Match Report,
2016-05-22,17:15 (12:15),Friendlies (M),Friendlies (M),Sun,Home,W,2,1,tr Türkiye,,,,"44,866",Gary Cahill,4-1-4-1,Deniz Aytekin,Match Report,
2016-05-27,19:45 (14:45),Friendlies (M),Friendlies (M),Fri,Home,W,2,1,au Australia,,,,"46,595",Chris Smalling,4-1-4-1,Danny Makkelie,Match Report,
2016-06-02,19:45 (14:45),Friendlies (M),Friendlies (M),Thu,Home,W,1,0,pt Portugal,,,,"82,503",Wayne Rooney,4-3-1-2,Marco Guida,Match Report,
2016-06-11,21:00 (15:00),UEFA Euro,Group stage,Sat,Neutral,D,1,1,ru Russia,,,52,"62,343",Wayne Rooney,4-3-3,Nicola Rizzoli,Match Report,
2016-06-16,15:00 (09:00),UEFA Euro,Group stage,Thu,Neutral,W,2,1,wls Wales,,,70,"34,033",Wayne Rooney,4-3-3,Felix Brych,Match Report,
2016-06-20,21:00 (15:00),UEFA Euro,Group stage,Mon,Neutral,D,0,0,sk Slovakia,,,58,"39,051",Gary Cahill,4-3-3,Carlos Velasco,Match Report,
2016-06-27,21:00 (15:00),UEFA Euro,Round of 16,Mon,Neutral,L,1,2,is Iceland,,,68,"33,901",Wayne Rooney,4-3-3,Damir Skomina,Match Report,
2016-09-04,18:00 (12:00),WCQ,First round,Sun,Away,W,1,0,sk Slovakia,,,,"18,111",Wayne Rooney,4-3-3,Milorad Mažić,Match Report,
2016-10-08,17:00 (12:00),WCQ,First round,Sat,Home,W,2,0,mt Malta,,,,"81,718",Wayne Rooney,4-1-4-1,Stefan Johannesson,Match Report,
2016-10-11,20:45 (14:45),WCQ,First round,Tue,Away,D,0,0,si Slovenia,,,,"13,274",Jordan Henderson,4-5-1,Deniz Aytekin,Match Report,
2016-11-11,19:45 (14:45),WCQ,First round,Fri,Home,W,3,0,sct Scotland,,,,"87,258",Wayne Rooney,4-2-3-1,Cüneyt Çakιr,Match Report,
2016-11-15,20:00 (15:00),Friendlies (M),Friendlies (M),Tue,Home,D,2,2,es Spain,,,,"83,716",Jordan Henderson,4-2-3-1,Ovidiu Hațegan,Match Report,
2015-03-27,19:45 (15:45),Euro Qualifying,Group stage,Fri,Home,W,4,0,lt Lithuania,,,64,"83,671",Wayne Rooney,4-3-3,Pavel Královec,Match Report,
2015-03-31,20:45 (14:45),Friendlies (M),Friendlies (M),Tue,Away,D,1,1,it Italy,,,,"31,138",Wayne Rooney,4-3-1-2,Felix Brych,Match Report,
2015-06-07,13:00 (08:00),Friendlies (M),Friendlies (M),Sun,Away,D,0,0,ie Rep. of Ireland,,,,"43,846",Wayne Rooney,4-1-4-1,Arnold Hunter,Match Report,
2015-06-14,18:00 (12:00),Euro Qualifying,Group stage,Sun,Away,W,3,2,si Slovenia,,,56,"15,700",Wayne Rooney,4-5-1,Alberto Undiano,Match Report,
2015-09-05,18:00 (12:00),Euro Qualifying,Group stage,Sat,Away,W,6,0,sm San Marino,,,74,"4,378",Wayne Rooney,4-3-3,Leontios Trattou,Match Report,
2015-09-08,19:45 (14:45),Euro Qualifying,Group stage,Tue,Home,W,2,0,ch Switzerland,,,49,"75,751",Wayne Rooney,4-3-3,Gianluca Rocchi,Match Report,
2015-10-09,19:45 (14:45),Euro Qualifying,Group stage,Fri,Home,W,2,0,ee Estonia,,,64,"75,427",Gary Cahill,4-3-3,István Vad II,Match Report,
2015-10-12,21:45 (14:45),Euro Qualifying,Group stage,Mon,Away,W,3,0,lt Lithuania,,,62,"5,051",Phil Jagielka,4-3-1-2,Kenn Hansen,Match Report,
2015-11-13,20:45 (14:45),Friendlies (M),Friendlies (M),Fri,Away,L,0,2,es Spain,,,,"25,300",Joe Hart,4-2-3-1,Paolo Mazzoleni,Match Report,
2015-11-17,20:00 (15:00),Friendlies (M),Friendlies (M),Tue,Home,W,2,0,fr France,,,,"71,223",Wayne Rooney,4-2-3-1,Jonas Eriksson,Match Report,
2012-09-07,21:45 (14:45),WCQ,First round,Fri,Away,W,5,0,md Moldova,,,,"10,500",Steven Gerrard,,Pol van Boekel,Match Report,
2012-09-11,20:00 (15:00),WCQ,First round,Tue,Home,D,1,1,ua Ukraine,,,,"68,102",Steven Gerrard,,Cüneyt Çakιr,Match Report,
2012-10-12,20:00 (15:00),WCQ,First round,Fri,Home,W,5,0,sm San Marino,,,,"86,645",Wayne Rooney,,Gediminas Mažeika,Match Report,
2012-10-17,17:00 (11:00),WCQ,First round,Wed,Away,D,1,1,pl Poland,,,,"47,000",Steven Gerrard,,Gianluca Rocchi,Match Report,
2013-03-22,21:00 (16:00),WCQ,First round,Fri,Away,W,8,0,sm San Marino,,,,"4,952",Frank Lampard,,Alain Bieri,Match Report,
2013-03-26,21:00 (16:00),WCQ,First round,Tue,Away,D,1,1,me Montenegro,,,,"11,300",Steven Gerrard,,Jonas Eriksson,Match Report,
2013-09-06,20:00 (15:00),WCQ,First round,Fri,Home,W,4,0,md Moldova,,,,"61,607",Steven Gerrard,,Ivan Kružliak,Match Report,
2013-09-10,21:45 (14:45),WCQ,First round,Tue,Away,D,0,0,ua Ukraine,,,,"69,890",Steven Gerrard,,Pedro Proença,Match Report,
2013-10-11,20:00 (15:00),WCQ,First round,Fri,Home,W,4,1,me Montenegro,,,,"83,807",Steven Gerrard,,Alberto Undiano,Match Report,
2013-10-15,20:00 (15:00),WCQ,First round,Tue,Home,W,2,0,pl Poland,,,,"85,186",Steven Gerrard,,Damir Skomina,Match Report,
2014-03-05,20:00 (15:00),Friendlies (M),Friendlies (M),Wed,Home,W,1,0,dk Denmark,,,,"68,573",Steven Gerrard,4-1-4-1,Kevin Blom,Match Report,
2014-05-30,20:00 (15:00),Friendlies (M),Friendlies (M),Fri,Home,W,3,0,pe Peru,,,,"83,578",Steven Gerrard,4-2-3-1,Viktor Kassai,Match Report,
2014-06-04,15:00,Friendlies (M),Friendlies (M),Wed,Neutral,D,2,2,ec Ecuador,,,,"21,534",Frank Lampard,4-2-3-1,Jair Marrufo,Match Report,
2014-06-07,16:45,Friendlies (M),Friendlies (M),Sat,Neutral,D,0,0,hn Honduras,,,,"45,379",Steven Gerrard,4-2-3-1,Ricardo Salazar,Match Report,
2014-06-14,18:00,FIFA World Cup,Group stage,Sat,Neutral,L,1,2,it Italy,,,48,"39,800",,4-2-3-1,Björn Kuipers,Match Report,
2014-06-19,16:00 (15:00),FIFA World Cup,Group stage,Thu,Neutral,L,1,2,uy Uruguay,,,62,"62,575",,4-2-3-1,Carlos Velasco,Match Report,
2014-06-24,13:00 (12:00),FIFA World Cup,Group stage,Tue,Neutral,D,0,0,cr Costa Rica,,,53,"57,823",,4-2-3-1,Djamel Haïmoudi,Match Report,
2014-09-03,20:00 (15:00),Friendlies (M),Friendlies (M),Wed,Home,W,1,0,no Norway,,,,"40,181",Wayne Rooney,4-2-2-2,Jorge de Sousa,Match Report,
2014-09-08,20:45 (14:45),Euro Qualifying,Group stage,Mon,Away,W,2,0,ch Switzerland,,,46,"35,500",Wayne Rooney,4-3-1-2,Cüneyt Çakιr,Match Report,
2014-10-09,19:45 (14:45),Euro Qualifying,Group stage,Thu,Home,W,5,0,sm San Marino,,,70,"55,990",Wayne Rooney,4-3-1-2,Marcin Borski,Match Report,
2014-10-12,19:00 (12:00),Euro Qualifying,Group stage,Sun,Away,W,1,0,ee Estonia,,,70,"10,195",Wayne Rooney,4-3-3,Mario Strahonja,Match Report,
2014-11-15,17:00 (12:00),Euro Qualifying,Group stage,Sat,Home,W,3,1,si Slovenia,,,58,"82,305",Wayne Rooney,4-3-1-2,Olegário Benquerença,Match Report,
2014-11-18,20:00 (15:00),Friendlies (M),Friendlies (M),Tue,Away,W,3,1,sct Scotland,,,,"55,000",Wayne Rooney,4-2-3-1,Jonas Eriksson,Match Report,
2010-09-03,20:00 (15:00),Euro Qualifying,Group stage,Fri,Home,W,4,0,bg Bulgaria,,,,"73,426",Steven Gerrard,,Viktor Kassai,Match Report,
2010-09-07,20:45 (14:45),Euro Qualifying,Group stage,Tue,Away,W,3,1,ch Switzerland,,,,"37,500",Steven Gerrard,,Nicola Rizzoli,Match Report,
2010-10-12,20:00 (15:00),Euro Qualifying,Group stage,Tue,Home,D,0,0,me Montenegro,,,,"73,451",Rio Ferdinand,,Manuel Gräfe,Match Report,
2011-03-26,15:00 (11:00),Euro Qualifying,Group stage,Sat,Away,W,2,0,wls Wales,,,,"68,959",John Terry,,Olegário Benquerença,Match Report,
2011-06-04,16:45 (11:45),Euro Qualifying,Group stage,Sat,Home,D,2,2,ch Switzerland,,,,"84,459",John Terry,,Damir Skomina,Match Report,
2011-09-02,21:15 (14:15),Euro Qualifying,Group stage,Fri,Away,W,3,0,bg Bulgaria,,,,"27,230",John Terry,,Frank De Bleeckere,Match Report,
2011-09-06,19:45 (14:45),Euro Qualifying,Group stage,Tue,Home,W,1,0,wls Wales,,,,"77,128",John Terry,,Robert Schörgenhofer,Match Report,
2011-10-07,21:00 (15:00),Euro Qualifying,Group stage,Fri,Away,D,2,2,me Montenegro,,,,"11,340",John Terry,,Wolfgang Stark,Match Report,
2012-06-11,19:00 (12:00),UEFA Euro,Group stage,Mon,Away,D,1,1,fr France,,,,"47,400",Steven Gerrard,,Nicola Rizzoli,Match Report,
2012-06-15,22:00 (15:00),UEFA Euro,Group stage,Fri,Away,W,3,2,se Sweden,,,,"64,640",Steven Gerrard,,Damir Skomina,Match Report,
2012-06-19,21:45 (14:45),UEFA Euro,Group stage,Tue,Home,W,1,0,ua Ukraine,,,,"48,700",Steven Gerrard,,Viktor Kassai,Match Report,
2012-06-24,21:45 (14:45),UEFA Euro,Quarter-finals,Sun,Home,D,0 (2),0 (4),it Italy,,,,"64,340",Steven Gerrard,,Pedro Proença,Match Report,Italy won on penalty kicks following extra time
2012-09-07,21:45 (14:45),WCQ,First round,Fri,Away,W,5,0,md Moldova,,,,"10,500",Steven Gerrard,,Pol van Boekel,Match Report,
2012-09-11,20:00 (15:00),WCQ,First round,Tue,Home,D,1,1,ua Ukraine,,,,"68,102",Steven Gerrard,,Cüneyt Çakιr,Match Report,
2012-10-12,20:00 (15:00),WCQ,First round,Fri,Home,W,5,0,sm San Marino,,,,"86,645",Wayne Rooney,,Gediminas Mažeika,Match Report,
2012-10-17,17:00 (11:00),WCQ,First round,Wed,Away,D,1,1,pl Poland,,,,"47,000",Steven Gerrard,,Gianluca Rocchi,Match Report,
2008-09-06,20:00 (14:00),WCQ,First round,Sat,Away,W,2,0,ad Andorra,,,,"10,300",John Terry,,Cüneyt Çakιr,Match Report,
2008-09-10,21:00 (15:00),WCQ,First round,Wed,Away,W,4,1,hr Croatia,,,,"35,218",John Terry,,Ľuboš Micheľ,Match Report,
2008-10-11,17:15 (12:15),WCQ,First round,Sat,Home,W,5,1,kz Kazakhstan,,,,"89,107",Rio Ferdinand,,Paul Allaerts,Match Report,
2008-10-15,21:30 (14:30),WCQ,First round,Wed,Away,W,3,1,by Belarus,,,,"29,600",Rio Ferdinand,,Terje Hauge,Match Report,
2009-04-01,20:00 (15:00),WCQ,First round,Wed,Home,W,2,1,ua Ukraine,,,,"87,548",John Terry,,Claus Bo Larsen,Match Report,
2009-06-06,21:00 (11:00),WCQ,First round,Sat,Away,W,4,0,kz Kazakhstan,,,,"24,000",John Terry,,Kristinn Jakobsson,Match Report,
2009-06-10,20:15 (15:15),WCQ,First round,Wed,Home,W,6,0,ad Andorra,,,,"57,897",John Terry,,Bas Nijhuis,Match Report,
2009-09-09,20:00 (15:00),WCQ,First round,Wed,Home,W,5,1,hr Croatia,,,,"87,319",John Terry,,Alberto Undiano,Match Report,
2009-10-10,19:15 (12:15),WCQ,First round,Sat,Away,L,0,1,ua Ukraine,,,,"31,000",John Terry,,Damir Skomina,Match Report,
2009-10-14,20:00 (15:00),WCQ,First round,Wed,Home,W,3,0,by Belarus,,,,"76,897",John Terry,,Lucílio Cardoso Cortez Batista,Match Report,
2010-06-12,20:30 (14:30),FIFA World Cup,Group stage,Sat,Neutral,D,1,1,us United States,,,,"38,646",,4-4-2,,Match Report,
2010-06-18,20:30 (14:30),FIFA World Cup,Group stage,Fri,Neutral,D,0,0,dz Algeria,,,,"64,100",,4-4-2,,Match Report,
2010-06-23,16:00 (10:00),FIFA World Cup,Group stage,Wed,Neutral,W,1,0,si Slovenia,,,,"36,893",,4-4-2,,Match Report,
2010-06-27,16:00 (10:00),FIFA World Cup,Round of 16,Sun,Neutral,L,1,4,de Germany,,,,"40,510",,4-4-2,,Match Report,
2010-09-03,20:00 (15:00),Euro Qualifying,Group stage,Fri,Home,W,4,0,bg Bulgaria,,,,"73,426",Steven Gerrard,,Viktor Kassai,Match Report,
2010-09-07,20:45 (14:45),Euro Qualifying,Group stage,Tue,Away,W,3,1,ch Switzerland,,,,"37,500",Steven Gerrard,,Nicola Rizzoli,Match Report,
2010-10-12,20:00 (15:00),Euro Qualifying,Group stage,Tue,Home,D,0,0,me Montenegro,,,,"73,451",Rio Ferdinand,,Manuel Gräfe,Match Report,